Difference,entry_date,update_date,Library,Journal,_id
0,2019-06-17T00:00:00.000Z,2019-06-17T00:00:00.000Z,UY6.1,Rev. méd. Urug,biblio-999536
0,2019-06-17T00:00:00.000Z,2019-06-17T00:00:00.000Z,UY6.1,Rev. méd. Urug,biblio-999563
0,2019-06-17T00:00:00.000Z,2019-06-17T00:00:00.000Z,UY6.1,Rev. méd. Urug,biblio-999579
0,2019-06-17T00:00:00.000Z,2019-06-17T00:00:00.000Z,UY6.1,Rev. méd. Urug,biblio-999590
0,2019-06-17T00:00:00.000Z,2019-06-17T00:00:00.000Z,UY6.1,Rev. méd. Urug,biblio-999599
0,2019-06-17T00:00:00.000Z,2019-06-17T00:00:00.000Z,UY6.1,Rev. méd. Urug,biblio-999612
0,2019-06-17T00:00:00.000Z,2019-06-17T00:00:00.000Z,UY6.1,Rev. méd. Urug,biblio-999620
0,2019-06-17T00:00:00.000Z,2019-06-17T00:00:00.000Z,UY6.1,Rev. méd. Urug,biblio-999624
0,2019-06-17T00:00:00.000Z,2019-06-17T00:00:00.000Z,UY6.1,Rev. méd. Urug,biblio-999626
0,2019-06-17T00:00:00.000Z,2019-06-17T00:00:00.000Z,UY6.1,Rev. méd. Urug,biblio-999629
37,2019-05-22T00:00:00.000Z,2019-06-28T00:00:00.000Z,CL334.1,Rev. chil. nutr,biblio-1003698
37,2019-05-22T00:00:00.000Z,2019-06-28T00:00:00.000Z,CL334.1,Rev. chil. nutr,biblio-1003699
37,2019-05-22T00:00:00.000Z,2019-06-28T00:00:00.000Z,CL334.1,Rev. chil. nutr,biblio-1003700
37,2019-05-22T00:00:00.000Z,2019-06-28T00:00:00.000Z,CL334.1,Rev. chil. nutr,biblio-1003701
37,2019-05-22T00:00:00.000Z,2019-06-28T00:00:00.000Z,CL334.1,Rev. chil. nutr,biblio-1003702
37,2019-05-22T00:00:00.000Z,2019-06-28T00:00:00.000Z,CL334.1,Rev. chil. nutr,biblio-1003703
37,2019-05-22T00:00:00.000Z,2019-06-28T00:00:00.000Z,CL334.1,Rev. chil. nutr,biblio-1003704
37,2019-05-22T00:00:00.000Z,2019-06-28T00:00:00.000Z,CL334.1,Rev. chil. nutr,biblio-1003705
37,2019-05-22T00:00:00.000Z,2019-06-28T00:00:00.000Z,CL334.1,Rev. chil. nutr,biblio-1003706
37,2019-05-22T00:00:00.000Z,2019-06-28T00:00:00.000Z,CL334.1,Rev. chil. nutr,biblio-1003707
37,2019-05-22T00:00:00.000Z,2019-06-28T00:00:00.000Z,CL334.1,Rev. chil. nutr,biblio-1003708
37,2019-05-22T00:00:00.000Z,2019-06-28T00:00:00.000Z,CL334.1,Rev. chil. nutr,biblio-1003709
37,2019-05-22T00:00:00.000Z,2019-06-28T00:00:00.000Z,CL334.1,Rev. chil. nutr,biblio-1003710
37,2019-05-22T00:00:00.000Z,2019-06-28T00:00:00.000Z,CL334.1,Rev. chil. nutr,biblio-1003711
37,2019-05-22T00:00:00.000Z,2019-06-28T00:00:00.000Z,CL334.1,Rev. chil. nutr,biblio-1003712
37,2019-05-22T00:00:00.000Z,2019-06-28T00:00:00.000Z,CL334.1,Rev. chil. nutr,biblio-1003713
37,2019-05-22T00:00:00.000Z,2019-06-28T00:00:00.000Z,CL334.1,Rev. chil. nutr,biblio-1003714
0,2019-05-03T00:00:00.000Z,2019-05-03T00:00:00.000Z,PE18.1,Lima; Perú. Ministerio de Salud; 20190500. 29 p. tab.,biblio-995190
22,2019-05-14T00:00:00.000Z,2019-06-05T00:00:00.000Z,BR1.1,Rev. bras. med. trab,biblio-996028
0,2019-06-11T00:00:00.000Z,2019-06-11T00:00:00.000Z,BR21.2,Nursing (Säo Paulo),biblio-998953
0,2019-06-11T00:00:00.000Z,2019-06-11T00:00:00.000Z,BR21.2,Nursing (Säo Paulo),biblio-998974
0,2019-06-11T00:00:00.000Z,2019-06-11T00:00:00.000Z,BR21.2,Nursing (Säo Paulo),biblio-998981
0,2019-06-11T00:00:00.000Z,2019-06-11T00:00:00.000Z,BR21.2,Nursing (Säo Paulo),biblio-998987
0,2019-06-11T00:00:00.000Z,2019-06-11T00:00:00.000Z,BR21.2,Nursing (Säo Paulo),biblio-998989
41,2019-05-02T00:00:00.000Z,2019-06-12T00:00:00.000Z,BR1342.1,ABCS health sci,biblio-995002
41,2019-05-02T00:00:00.000Z,2019-06-12T00:00:00.000Z,BR1342.1,ABCS health sci,biblio-995003
41,2019-05-02T00:00:00.000Z,2019-06-12T00:00:00.000Z,BR1342.1,ABCS health sci,biblio-995006
41,2019-05-02T00:00:00.000Z,2019-06-12T00:00:00.000Z,BR1342.1,ABCS health sci,biblio-995008
41,2019-05-02T00:00:00.000Z,2019-06-12T00:00:00.000Z,BR1342.1,ABCS health sci,biblio-995013
41,2019-05-02T00:00:00.000Z,2019-06-12T00:00:00.000Z,BR1342.1,ABCS health sci,biblio-995017
41,2019-05-02T00:00:00.000Z,2019-06-12T00:00:00.000Z,BR1342.1,ABCS health sci,biblio-995050
41,2019-05-02T00:00:00.000Z,2019-06-12T00:00:00.000Z,BR1342.1,ABCS health sci,biblio-995053
41,2019-05-02T00:00:00.000Z,2019-06-12T00:00:00.000Z,BR1342.1,ABCS health sci,biblio-995057
42,2019-05-02T00:00:00.000Z,2019-06-13T00:00:00.000Z,BR1342.1,ABCS health sci,biblio-995025
42,2019-05-02T00:00:00.000Z,2019-06-13T00:00:00.000Z,BR1342.1,ABCS health sci,biblio-995046
42,2019-05-02T00:00:00.000Z,2019-06-13T00:00:00.000Z,BR1342.1,ABCS health sci,biblio-995056
8,2019-05-16T00:00:00.000Z,2019-05-24T00:00:00.000Z,BR208.2,Cad. Ibero Am. Direito Sanit. (Impr.),biblio-996183
7,2019-05-17T00:00:00.000Z,2019-05-24T00:00:00.000Z,BR208.2,Cad. Ibero Am. Direito Sanit. (Impr.),biblio-996354
7,2019-05-17T00:00:00.000Z,2019-05-24T00:00:00.000Z,BR208.2,Cad. Ibero Am. Direito Sanit. (Impr.),biblio-996355
7,2019-05-17T00:00:00.000Z,2019-05-24T00:00:00.000Z,BR208.2,Cad. Ibero Am. Direito Sanit. (Impr.),biblio-996358
7,2019-05-17T00:00:00.000Z,2019-05-24T00:00:00.000Z,BR208.2,Cad. Ibero Am. Direito Sanit. (Impr.),biblio-996361
7,2019-05-17T00:00:00.000Z,2019-05-24T00:00:00.000Z,BR208.2,Cad. Ibero Am. Direito Sanit. (Impr.),biblio-996362
40,2019-05-22T00:00:00.000Z,2019-07-01T00:00:00.000Z,BR1194.1,Ágora (Rio J. Online),biblio-1004866
40,2019-05-22T00:00:00.000Z,2019-07-01T00:00:00.000Z,BR1194.1,Ágora (Rio J. Online),biblio-1004868
40,2019-05-22T00:00:00.000Z,2019-07-01T00:00:00.000Z,BR1194.1,Ágora (Rio J. Online),biblio-1004869
40,2019-05-22T00:00:00.000Z,2019-07-01T00:00:00.000Z,BR1194.1,Ágora (Rio J. Online),biblio-1004870
41,2019-05-22T00:00:00.000Z,2019-07-02T00:00:00.000Z,BR1194.1,Ágora (Rio J. Online),biblio-1004858
41,2019-05-22T00:00:00.000Z,2019-07-02T00:00:00.000Z,BR1194.1,Ágora (Rio J. Online),biblio-1004859
41,2019-05-22T00:00:00.000Z,2019-07-02T00:00:00.000Z,BR1194.1,Ágora (Rio J. Online),biblio-1004865
41,2019-05-22T00:00:00.000Z,2019-07-02T00:00:00.000Z,BR1194.1,Ágora (Rio J. Online),biblio-1004867
42,2019-05-22T00:00:00.000Z,2019-07-03T00:00:00.000Z,BR1194.1,Ágora (Rio J. Online),biblio-1004860
42,2019-05-22T00:00:00.000Z,2019-07-03T00:00:00.000Z,BR1194.1,Ágora (Rio J. Online),biblio-1004861
42,2019-05-22T00:00:00.000Z,2019-07-03T00:00:00.000Z,BR1194.1,Ágora (Rio J. Online),biblio-1004862
42,2019-05-22T00:00:00.000Z,2019-07-03T00:00:00.000Z,BR1194.1,Ágora (Rio J. Online),biblio-1004863
42,2019-05-22T00:00:00.000Z,2019-07-03T00:00:00.000Z,BR1194.1,Ágora (Rio J. Online),biblio-1004864
0,2019-07-05T00:00:00.000Z,2019-07-05T00:00:00.000Z,PE18.1,"Lima; Perú. Ministerio de Salud; 20190500. 29 p. tab, graf.",biblio-1005785
0,2019-07-05T00:00:00.000Z,2019-07-05T00:00:00.000Z,PE18.1,Lima; Perú. Ministerio de Salud; 20190500. 55 p. tab.,biblio-1005786
0,2019-07-05T00:00:00.000Z,2019-07-05T00:00:00.000Z,PE18.1,Lima; Perú. Ministerio de Salud; 20190500. 18 p. graf.,biblio-1005789
0,2019-07-05T00:00:00.000Z,2019-07-05T00:00:00.000Z,PE18.1,"Lima; Perú. Ministerio de Salud; 20190500. 56 p. graf, tab.",biblio-1005796
4,2019-07-05T00:00:00.000Z,2019-07-09T00:00:00.000Z,PE18.1,"Lima; Perú. Ministerio de Salud; 20190500. 98 p. graf, ilus, tab.",biblio-1005798
9,2019-07-03T00:00:00.000Z,2019-07-12T00:00:00.000Z,BR44.1,Int. j. cardiovasc. sci. (Impr.),biblio-1005617
8,2019-07-04T00:00:00.000Z,2019-07-12T00:00:00.000Z,BR44.1,Int. j. cardiovasc. sci. (Impr.),biblio-1005639
7,2019-07-05T00:00:00.000Z,2019-07-12T00:00:00.000Z,BR44.1,Int. j. cardiovasc. sci. (Impr.),biblio-1005799
2,2019-07-10T00:00:00.000Z,2019-07-12T00:00:00.000Z,BR44.1,Int. j. cardiovasc. sci. (Impr.),biblio-1005925
2,2019-07-10T00:00:00.000Z,2019-07-12T00:00:00.000Z,BR44.1,Int. j. cardiovasc. sci. (Impr.),biblio-1005940
2,2019-07-10T00:00:00.000Z,2019-07-12T00:00:00.000Z,BR44.1,Int. j. cardiovasc. sci. (Impr.),biblio-1005997
1,2019-07-11T00:00:00.000Z,2019-07-12T00:00:00.000Z,BR44.1,Int. j. cardiovasc. sci. (Impr.),biblio-1006018
1,2019-07-11T00:00:00.000Z,2019-07-12T00:00:00.000Z,BR44.1,Int. j. cardiovasc. sci. (Impr.),biblio-1006052
1,2019-07-11T00:00:00.000Z,2019-07-12T00:00:00.000Z,BR44.1,Int. j. cardiovasc. sci. (Impr.),biblio-1006090
0,2019-07-12T00:00:00.000Z,2019-07-12T00:00:00.000Z,BR44.1,Int. j. cardiovasc. sci. (Impr.),biblio-1006142
0,2019-07-12T00:00:00.000Z,2019-07-12T00:00:00.000Z,BR44.1,Int. j. cardiovasc. sci. (Impr.),biblio-1006132
0,2019-07-12T00:00:00.000Z,2019-07-12T00:00:00.000Z,BR44.1,Int. j. cardiovasc. sci. (Impr.),biblio-1006126
0,2019-07-12T00:00:00.000Z,2019-07-12T00:00:00.000Z,BR44.1,Int. j. cardiovasc. sci. (Impr.),biblio-1006168
0,2019-07-12T00:00:00.000Z,2019-07-12T00:00:00.000Z,BR44.1,Int. j. cardiovasc. sci. (Impr.),biblio-1006179
0,2019-07-12T00:00:00.000Z,2019-07-12T00:00:00.000Z,BR44.1,Int. j. cardiovasc. sci. (Impr.),biblio-1006182
0,2019-07-12T00:00:00.000Z,2019-07-12T00:00:00.000Z,BR44.1,Int. j. cardiovasc. sci. (Impr.),biblio-1006185
0,2019-07-15T00:00:00.000Z,2019-07-15T00:00:00.000Z,BR186.1,Rev. Odontol. Araçatuba (Impr.),biblio-1006302
14,2019-05-17T00:00:00.000Z,2019-05-31T00:00:00.000Z,BR208.2,Cad. Ibero Am. Direito Sanit. (Impr.),biblio-996365
14,2019-05-17T00:00:00.000Z,2019-05-31T00:00:00.000Z,BR208.2,Cad. Ibero Am. Direito Sanit. (Impr.),biblio-996367
14,2019-05-17T00:00:00.000Z,2019-05-31T00:00:00.000Z,BR208.2,Cad. Ibero Am. Direito Sanit. (Impr.),biblio-996372
14,2019-05-17T00:00:00.000Z,2019-05-31T00:00:00.000Z,BR208.2,Cad. Ibero Am. Direito Sanit. (Impr.),biblio-996373
14,2019-05-17T00:00:00.000Z,2019-05-31T00:00:00.000Z,BR208.2,Cad. Ibero Am. Direito Sanit. (Impr.),biblio-996375
110,2019-02-13T00:00:00.000Z,2019-06-03T00:00:00.000Z,ES1.1,Cuad. bioét,ibc-ET3-1625
110,2019-02-13T00:00:00.000Z,2019-06-03T00:00:00.000Z,ES1.1,Cuad. bioét,ibc-ET3-1626
1,2019-04-04T00:00:00.000Z,2019-04-05T00:00:00.000Z,BR1208.1,Rev. pesqui. cuid. fundam. (Online),biblio-987462
1,2019-04-04T00:00:00.000Z,2019-04-05T00:00:00.000Z,BR1208.1,Rev. pesqui. cuid. fundam. (Online),biblio-987471
1,2019-04-04T00:00:00.000Z,2019-04-05T00:00:00.000Z,BR1208.1,Rev. pesqui. cuid. fundam. (Online),biblio-987467
77,2019-01-21T00:00:00.000Z,2019-04-08T00:00:00.000Z,BR1194.1,Ágora (Rio J. Online),biblio-986216
77,2019-01-21T00:00:00.000Z,2019-04-08T00:00:00.000Z,BR1194.1,Ágora (Rio J. Online),biblio-986217
77,2019-01-21T00:00:00.000Z,2019-04-08T00:00:00.000Z,BR1194.1,Ágora (Rio J. Online),biblio-986218
0,2019-04-09T00:00:00.000Z,2019-04-09T00:00:00.000Z,PE18.1,"Lima; Perú; 20190400. 38 p. ilus, graf.",biblio-987863
0,2019-04-09T00:00:00.000Z,2019-04-09T00:00:00.000Z,PE18.1,"Lima; Perú. Ministerio de Salud; 20190400. 40 p p. ilus, graf, tab.",biblio-987866
80,2019-01-21T00:00:00.000Z,2019-04-11T00:00:00.000Z,BR1194.1,Ágora (Rio J. Online),biblio-986219
80,2019-01-21T00:00:00.000Z,2019-04-11T00:00:00.000Z,BR1194.1,Ágora (Rio J. Online),biblio-986220
80,2019-01-21T00:00:00.000Z,2019-04-11T00:00:00.000Z,BR1194.1,Ágora (Rio J. Online),biblio-986221
8,2019-04-03T00:00:00.000Z,2019-04-11T00:00:00.000Z,BR1208.1,Rev. pesqui. cuid. fundam. (Online),biblio-987274
8,2019-04-03T00:00:00.000Z,2019-04-11T00:00:00.000Z,BR1208.1,Rev. pesqui. cuid. fundam. (Online),biblio-987293
81,2019-01-21T00:00:00.000Z,2019-04-12T00:00:00.000Z,BR1194.1,Ágora (Rio J. Online),biblio-986222
81,2019-01-21T00:00:00.000Z,2019-04-12T00:00:00.000Z,BR1194.1,Ágora (Rio J. Online),biblio-986223
81,2019-01-21T00:00:00.000Z,2019-04-12T00:00:00.000Z,BR1194.1,Ágora (Rio J. Online),biblio-986224
81,2019-01-21T00:00:00.000Z,2019-04-12T00:00:00.000Z,BR1194.1,Ágora (Rio J. Online),biblio-986225
81,2019-01-21T00:00:00.000Z,2019-04-12T00:00:00.000Z,BR1194.1,Ágora (Rio J. Online),biblio-986226
81,2019-01-21T00:00:00.000Z,2019-04-12T00:00:00.000Z,BR1194.1,Ágora (Rio J. Online),biblio-986227
81,2019-01-21T00:00:00.000Z,2019-04-12T00:00:00.000Z,BR1194.1,Ágora (Rio J. Online),biblio-986228
4,2019-04-08T00:00:00.000Z,2019-04-12T00:00:00.000Z,BR526.1,RECIIS (Online),biblio-987690
7,2019-04-08T00:00:00.000Z,2019-04-15T00:00:00.000Z,BR526.1,RECIIS (Online),biblio-987692
7,2019-04-08T00:00:00.000Z,2019-04-15T00:00:00.000Z,BR526.1,RECIIS (Online),biblio-987694
7,2019-04-08T00:00:00.000Z,2019-04-15T00:00:00.000Z,BR526.1,RECIIS (Online),biblio-987702
7,2019-04-08T00:00:00.000Z,2019-04-15T00:00:00.000Z,BR526.1,RECIIS (Online),biblio-987710
7,2019-04-08T00:00:00.000Z,2019-04-15T00:00:00.000Z,BR526.1,RECIIS (Online),biblio-987719
7,2019-04-08T00:00:00.000Z,2019-04-15T00:00:00.000Z,BR526.1,RECIIS (Online),biblio-987723
7,2019-04-08T00:00:00.000Z,2019-04-15T00:00:00.000Z,BR526.1,RECIIS (Online),biblio-987729
7,2019-04-08T00:00:00.000Z,2019-04-15T00:00:00.000Z,BR526.1,RECIIS (Online),biblio-987733
7,2019-04-08T00:00:00.000Z,2019-04-15T00:00:00.000Z,BR526.1,RECIIS (Online),biblio-987731
7,2019-04-08T00:00:00.000Z,2019-04-15T00:00:00.000Z,BR526.1,RECIIS (Online),biblio-987741
7,2019-04-08T00:00:00.000Z,2019-04-15T00:00:00.000Z,BR526.1,RECIIS (Online),biblio-987746
5,2019-04-10T00:00:00.000Z,2019-04-15T00:00:00.000Z,BR526.1,RECIIS (Online),biblio-987911
5,2019-04-10T00:00:00.000Z,2019-04-15T00:00:00.000Z,BR526.1,RECIIS (Online),biblio-987912
5,2019-04-10T00:00:00.000Z,2019-04-15T00:00:00.000Z,BR526.1,RECIIS (Online),biblio-987915
5,2019-04-10T00:00:00.000Z,2019-04-15T00:00:00.000Z,BR526.1,RECIIS (Online),biblio-987921
5,2019-04-10T00:00:00.000Z,2019-04-15T00:00:00.000Z,BR526.1,RECIIS (Online),biblio-987926
0,2019-04-15T00:00:00.000Z,2019-04-15T00:00:00.000Z,BR2499,Rev. SOBECC,biblio-988143
0,2019-04-15T00:00:00.000Z,2019-04-15T00:00:00.000Z,BR2499,Rev. SOBECC,biblio-988144
0,2019-04-15T00:00:00.000Z,2019-04-15T00:00:00.000Z,BR2499,Rev. SOBECC,biblio-988145
0,2019-04-15T00:00:00.000Z,2019-04-15T00:00:00.000Z,BR2499,Rev. SOBECC,biblio-988146
0,2019-04-15T00:00:00.000Z,2019-04-15T00:00:00.000Z,BR2499,Rev. SOBECC,biblio-988147
0,2019-04-15T00:00:00.000Z,2019-04-15T00:00:00.000Z,BR2499,Rev. SOBECC,biblio-988148
0,2019-04-15T00:00:00.000Z,2019-04-15T00:00:00.000Z,BR2499,Rev. SOBECC,biblio-988150
0,2019-04-15T00:00:00.000Z,2019-04-15T00:00:00.000Z,BR2499,Rev. SOBECC,biblio-988151
0,2019-04-15T00:00:00.000Z,2019-04-15T00:00:00.000Z,BR2499,Rev. SOBECC,biblio-988152
0,2019-04-15T00:00:00.000Z,2019-04-15T00:00:00.000Z,BR2499,Rev. SOBECC,biblio-988154
0,2019-04-15T00:00:00.000Z,2019-04-15T00:00:00.000Z,PE18.1,"Lima; Perú. Ministerio de Salud; 20190400. 27 p. ilus, tab.",biblio-988199
8,2019-04-08T00:00:00.000Z,2019-04-16T00:00:00.000Z,BR1208.1,Rev. pesqui. cuid. fundam. (Online),biblio-987714
8,2019-04-08T00:00:00.000Z,2019-04-16T00:00:00.000Z,BR1208.1,Rev. pesqui. cuid. fundam. (Online),biblio-987722
8,2019-04-08T00:00:00.000Z,2019-04-16T00:00:00.000Z,BR1208.1,Rev. pesqui. cuid. fundam. (Online),biblio-987728
8,2019-04-08T00:00:00.000Z,2019-04-16T00:00:00.000Z,BR1208.1,Rev. pesqui. cuid. fundam. (Online),biblio-987750
5,2019-04-11T00:00:00.000Z,2019-04-16T00:00:00.000Z,BR1208.1,Rev. pesqui. cuid. fundam. (Online),biblio-987980
5,2019-04-11T00:00:00.000Z,2019-04-16T00:00:00.000Z,BR1208.1,Rev. pesqui. cuid. fundam. (Online),biblio-987983
5,2019-04-11T00:00:00.000Z,2019-04-16T00:00:00.000Z,BR1208.1,Rev. pesqui. cuid. fundam. (Online),biblio-987987
5,2019-04-11T00:00:00.000Z,2019-04-16T00:00:00.000Z,BR1208.1,Rev. pesqui. cuid. fundam. (Online),biblio-987994
5,2019-04-11T00:00:00.000Z,2019-04-16T00:00:00.000Z,BR1208.1,Rev. pesqui. cuid. fundam. (Online),biblio-988002
5,2019-04-11T00:00:00.000Z,2019-04-16T00:00:00.000Z,BR1208.1,Rev. pesqui. cuid. fundam. (Online),biblio-988016
5,2019-04-11T00:00:00.000Z,2019-04-16T00:00:00.000Z,BR1208.1,Rev. pesqui. cuid. fundam. (Online),biblio-988020
4,2019-04-12T00:00:00.000Z,2019-04-16T00:00:00.000Z,BR1208.1,Rev. pesqui. cuid. fundam. (Online),biblio-988044
1,2019-04-15T00:00:00.000Z,2019-04-16T00:00:00.000Z,BR1208.1,Rev. pesqui. cuid. fundam. (Online),biblio-988180
1,2019-04-15T00:00:00.000Z,2019-04-16T00:00:00.000Z,BR1208.1,Rev. pesqui. cuid. fundam. (Online),biblio-988183
1,2019-04-15T00:00:00.000Z,2019-04-16T00:00:00.000Z,BR1208.1,Rev. pesqui. cuid. fundam. (Online),biblio-988187
1,2019-04-15T00:00:00.000Z,2019-04-16T00:00:00.000Z,BR1208.1,Rev. pesqui. cuid. fundam. (Online),biblio-988195
0,2019-04-17T00:00:00.000Z,2019-04-17T00:00:00.000Z,BR1208.1,Rev. pesqui. cuid. fundam. (Online),biblio-988293
0,2019-04-17T00:00:00.000Z,2019-04-17T00:00:00.000Z,BR1208.1,Rev. pesqui. cuid. fundam. (Online),biblio-988295
0,2019-04-24T00:00:00.000Z,2019-04-24T00:00:00.000Z,BR1208.1,Rev. pesqui. cuid. fundam. (Online),biblio-988575
0,2019-04-24T00:00:00.000Z,2019-04-24T00:00:00.000Z,BR1208.1,Rev. pesqui. cuid. fundam. (Online),biblio-988594
0,2019-04-25T00:00:00.000Z,2019-04-25T00:00:00.000Z,BR1208.1,Rev. pesqui. cuid. fundam. (Online),biblio-994488
0,2019-04-25T00:00:00.000Z,2019-04-25T00:00:00.000Z,BR1208.1,Rev. pesqui. cuid. fundam. (Online),biblio-994508
0,2019-04-25T00:00:00.000Z,2019-04-25T00:00:00.000Z,BR1208.1,Rev. pesqui. cuid. fundam. (Online),biblio-994520
0,2019-04-26T00:00:00.000Z,2019-04-26T00:00:00.000Z,BR1208.1,Rev. pesqui. cuid. fundam. (Online),biblio-994678
3,2019-04-26T00:00:00.000Z,2019-04-29T00:00:00.000Z,BR44.1,"ABC., imagem cardiovasc",biblio-994642
3,2019-04-26T00:00:00.000Z,2019-04-29T00:00:00.000Z,BR44.1,"ABC., imagem cardiovasc",biblio-994644
3,2019-04-26T00:00:00.000Z,2019-04-29T00:00:00.000Z,BR44.1,"ABC., imagem cardiovasc",biblio-994667
3,2019-04-26T00:00:00.000Z,2019-04-29T00:00:00.000Z,BR44.1,"ABC., imagem cardiovasc",biblio-994677
3,2019-04-26T00:00:00.000Z,2019-04-29T00:00:00.000Z,BR44.1,"ABC., imagem cardiovasc",biblio-994681
3,2019-04-26T00:00:00.000Z,2019-04-29T00:00:00.000Z,BR44.1,"ABC., imagem cardiovasc",biblio-994686
0,2019-04-29T00:00:00.000Z,2019-04-29T00:00:00.000Z,BR44.1,"ABC., imagem cardiovasc",biblio-994725
0,2019-04-29T00:00:00.000Z,2019-04-29T00:00:00.000Z,BR44.1,"ABC., imagem cardiovasc",biblio-994727
0,2019-04-29T00:00:00.000Z,2019-04-29T00:00:00.000Z,BR44.1,"ABC., imagem cardiovasc",biblio-994731
0,2019-04-29T00:00:00.000Z,2019-04-29T00:00:00.000Z,BR44.1,"ABC., imagem cardiovasc",biblio-994737
0,2019-04-29T00:00:00.000Z,2019-04-29T00:00:00.000Z,BR44.1,"ABC., imagem cardiovasc",biblio-994773
0,2019-04-29T00:00:00.000Z,2019-04-29T00:00:00.000Z,BR1208.1,Rev. pesqui. cuid. fundam. (Online),biblio-994777
0,2019-04-29T00:00:00.000Z,2019-04-29T00:00:00.000Z,BR44.1,"ABC., imagem cardiovasc",biblio-994780
0,2019-04-29T00:00:00.000Z,2019-04-29T00:00:00.000Z,BR1208.1,Rev. pesqui. cuid. fundam. (Online),biblio-994787
0,2019-04-29T00:00:00.000Z,2019-04-29T00:00:00.000Z,BR44.1,"ABC., imagem cardiovasc",biblio-994793
0,2019-05-03T00:00:00.000Z,2019-05-03T00:00:00.000Z,BR186.1,Rev. Odontol. Araçatuba (Impr.),biblio-995142
0,2019-05-03T00:00:00.000Z,2019-05-03T00:00:00.000Z,BR186.1,Rev. Odontol. Araçatuba (Impr.),biblio-995147
0,2019-05-03T00:00:00.000Z,2019-05-03T00:00:00.000Z,BR186.1,Rev. Odontol. Araçatuba (Impr.),biblio-995150
0,2019-05-03T00:00:00.000Z,2019-05-03T00:00:00.000Z,BR186.1,Rev. Odontol. Araçatuba (Impr.),biblio-995151
0,2019-05-03T00:00:00.000Z,2019-05-03T00:00:00.000Z,BR186.1,Rev. Odontol. Araçatuba (Impr.),biblio-995154
0,2019-05-03T00:00:00.000Z,2019-05-03T00:00:00.000Z,BR186.1,Rev. Odontol. Araçatuba (Impr.),biblio-995175
0,2019-05-03T00:00:00.000Z,2019-05-03T00:00:00.000Z,BR186.1,Rev. Odontol. Araçatuba (Impr.),biblio-995181
0,2019-05-03T00:00:00.000Z,2019-05-03T00:00:00.000Z,BR186.1,Rev. Odontol. Araçatuba (Impr.),biblio-995185
0,2019-05-03T00:00:00.000Z,2019-05-03T00:00:00.000Z,BR186.1,Rev. Odontol. Araçatuba (Impr.),biblio-995188
0,2019-05-07T00:00:00.000Z,2019-05-07T00:00:00.000Z,AR441.1,Rev. Hosp. Niños B.Aires,biblio-995525
0,2019-05-07T00:00:00.000Z,2019-05-07T00:00:00.000Z,AR441.1,Rev. Hosp. Niños B.Aires,biblio-995556
17,2019-05-17T00:00:00.000Z,2019-06-03T00:00:00.000Z,BR21.2,Nursing (Säo Paulo),biblio-996339
0,2019-06-03T00:00:00.000Z,2019-06-03T00:00:00.000Z,BR21.2,Nursing (Säo Paulo),biblio-998203
23,2019-05-13T00:00:00.000Z,2019-06-05T00:00:00.000Z,BR408.1,Rev. bras. anal. clin,biblio-995968
23,2019-05-13T00:00:00.000Z,2019-06-05T00:00:00.000Z,BR408.1,Rev. bras. anal. clin,biblio-995985
23,2019-05-13T00:00:00.000Z,2019-06-05T00:00:00.000Z,BR408.1,Rev. bras. anal. clin,biblio-995987
23,2019-05-13T00:00:00.000Z,2019-06-05T00:00:00.000Z,BR408.1,Rev. bras. anal. clin,biblio-995989
23,2019-05-13T00:00:00.000Z,2019-06-05T00:00:00.000Z,BR408.1,Rev. bras. anal. clin,biblio-995991
2,2019-06-03T00:00:00.000Z,2019-06-05T00:00:00.000Z,BR21.2,Nursing (Säo Paulo),biblio-998206
0,2019-06-05T00:00:00.000Z,2019-06-05T00:00:00.000Z,CU420.1,Gac. méd. espirit,biblio-998469
0,2019-06-05T00:00:00.000Z,2019-06-05T00:00:00.000Z,CU420.1,Gac. méd. espirit,biblio-998500
0,2019-06-05T00:00:00.000Z,2019-06-05T00:00:00.000Z,CU420.1,Gac. méd. espirit,biblio-998506
0,2019-06-05T00:00:00.000Z,2019-06-05T00:00:00.000Z,CU420.1,Gac. méd. espirit,biblio-998509
0,2019-06-05T00:00:00.000Z,2019-06-05T00:00:00.000Z,BR21.2,Nursing (Säo Paulo),biblio-998512
0,2019-06-05T00:00:00.000Z,2019-06-05T00:00:00.000Z,CU420.1,Gac. méd. espirit,biblio-998520
0,2019-06-06T00:00:00.000Z,2019-06-06T00:00:00.000Z,CU420.1,Gac. méd. espirit,biblio-998615
0,2019-06-06T00:00:00.000Z,2019-06-06T00:00:00.000Z,CU420.1,Gac. méd. espirit,biblio-998573
0,2019-06-06T00:00:00.000Z,2019-06-06T00:00:00.000Z,CU420.1,Gac. méd. espirit,biblio-998592
0,2019-06-06T00:00:00.000Z,2019-06-06T00:00:00.000Z,CU420.1,Gac. méd. espirit,biblio-998604
0,2019-06-06T00:00:00.000Z,2019-06-06T00:00:00.000Z,CU420.1,Gac. méd. espirit,biblio-998612
2,2019-06-05T00:00:00.000Z,2019-06-07T00:00:00.000Z,BR21.2,Nursing (Säo Paulo),biblio-998516
0,2019-06-07T00:00:00.000Z,2019-06-07T00:00:00.000Z,BR21.2,Nursing (Säo Paulo),biblio-998703
0,2019-06-07T00:00:00.000Z,2019-06-07T00:00:00.000Z,BR21.2,Nursing (Säo Paulo),biblio-998709
0,2019-06-07T00:00:00.000Z,2019-06-07T00:00:00.000Z,BR21.2,Nursing (Säo Paulo),biblio-998710
0,2019-06-07T00:00:00.000Z,2019-06-07T00:00:00.000Z,BR21.2,Nursing (Säo Paulo),biblio-998711
0,2019-06-07T00:00:00.000Z,2019-06-07T00:00:00.000Z,BR21.2,Nursing (Säo Paulo),biblio-998716
0,2019-06-07T00:00:00.000Z,2019-06-07T00:00:00.000Z,BR21.2,Nursing (Säo Paulo),biblio-998727
0,2019-06-07T00:00:00.000Z,2019-06-07T00:00:00.000Z,BR21.2,Nursing (Säo Paulo),biblio-998729
0,2019-06-10T00:00:00.000Z,2019-06-10T00:00:00.000Z,BR21.2,Nursing (Säo Paulo),biblio-998879
3,2019-06-07T00:00:00.000Z,2019-06-10T00:00:00.000Z,BR21.2,Nursing (Säo Paulo),biblio-998735
0,2019-06-10T00:00:00.000Z,2019-06-10T00:00:00.000Z,BR21.2,Nursing (Säo Paulo),biblio-998862
0,2019-06-10T00:00:00.000Z,2019-06-10T00:00:00.000Z,BR21.2,Nursing (Säo Paulo),biblio-998865
0,2019-06-10T00:00:00.000Z,2019-06-10T00:00:00.000Z,BR21.2,Nursing (Säo Paulo),biblio-998869
0,2019-06-10T00:00:00.000Z,2019-06-10T00:00:00.000Z,BR21.2,Nursing (Säo Paulo),biblio-998874
0,2019-06-10T00:00:00.000Z,2019-06-10T00:00:00.000Z,BR21.2,Nursing (Säo Paulo),biblio-998888
29,2019-05-13T00:00:00.000Z,2019-06-11T00:00:00.000Z,BR408.1,Rev. bras. anal. clin,biblio-995965
29,2019-05-13T00:00:00.000Z,2019-06-11T00:00:00.000Z,BR408.1,Rev. bras. anal. clin,biblio-995967
1,2019-06-10T00:00:00.000Z,2019-06-11T00:00:00.000Z,BR21.2,Nursing (Säo Paulo),biblio-998896
17,2019-04-26T00:00:00.000Z,2019-05-13T00:00:00.000Z,BR26.7,Autops. Case Rep,biblio-994633
17,2019-04-26T00:00:00.000Z,2019-05-13T00:00:00.000Z,BR26.7,Autops. Case Rep,biblio-994653
17,2019-04-26T00:00:00.000Z,2019-05-13T00:00:00.000Z,BR26.7,Autops. Case Rep,biblio-994654
17,2019-04-26T00:00:00.000Z,2019-05-13T00:00:00.000Z,BR26.7,Autops. Case Rep,biblio-994658
0,2019-05-13T00:00:00.000Z,2019-05-13T00:00:00.000Z,BR408.1,Rev. bras. anal. clin,biblio-995971
18,2019-04-26T00:00:00.000Z,2019-05-14T00:00:00.000Z,BR26.7,Autops. Case Rep,biblio-994660
18,2019-04-26T00:00:00.000Z,2019-05-14T00:00:00.000Z,BR26.7,Autops. Case Rep,biblio-994662
18,2019-04-26T00:00:00.000Z,2019-05-14T00:00:00.000Z,BR26.7,Autops. Case Rep,biblio-994674
18,2019-04-26T00:00:00.000Z,2019-05-14T00:00:00.000Z,BR26.7,Autops. Case Rep,biblio-994676
18,2019-04-26T00:00:00.000Z,2019-05-14T00:00:00.000Z,BR26.7,Autops. Case Rep,biblio-994679
0,2019-05-17T00:00:00.000Z,2019-05-17T00:00:00.000Z,AR650.1,Rev. argent. salud publica,biblio-996311
0,2019-05-17T00:00:00.000Z,2019-05-17T00:00:00.000Z,AR650.1,Rev. argent. salud publica,biblio-996317
0,2019-05-17T00:00:00.000Z,2019-05-17T00:00:00.000Z,AR650.1,Rev. argent. salud publica,biblio-996322
0,2019-05-17T00:00:00.000Z,2019-05-17T00:00:00.000Z,AR650.1,Rev. argent. salud publica,biblio-996334
7,2019-05-13T00:00:00.000Z,2019-05-20T00:00:00.000Z,BR408.1,Rev. bras. anal. clin,biblio-995993
0,2019-05-20T00:00:00.000Z,2019-05-20T00:00:00.000Z,AR650.1,Rev. argent. salud publica,biblio-996494
0,2019-05-20T00:00:00.000Z,2019-05-20T00:00:00.000Z,AR650.1,Rev. argent. salud publica,biblio-996478
0,2019-05-20T00:00:00.000Z,2019-05-20T00:00:00.000Z,AR650.1,Rev. argent. salud publica,biblio-996499
0,2019-05-20T00:00:00.000Z,2019-05-20T00:00:00.000Z,AR650.1,Rev. argent. salud publica,biblio-996500
0,2019-05-20T00:00:00.000Z,2019-05-20T00:00:00.000Z,AR650.1,Rev. argent. salud publica,biblio-996502
0,2019-05-20T00:00:00.000Z,2019-05-20T00:00:00.000Z,AR650.1,Rev. argent. salud publica,biblio-996528
4,2019-05-17T00:00:00.000Z,2019-05-21T00:00:00.000Z,AR441.1,Rev. Hosp. Niños B.Aires,biblio-996360
0,2019-05-21T00:00:00.000Z,2019-05-21T00:00:00.000Z,AR441.1,Rev. Hosp. Niños B.Aires,biblio-996723
1,2019-05-21T00:00:00.000Z,2019-05-22T00:00:00.000Z,BR15.1,Rev. patol. trop,biblio-996663
1,2019-05-21T00:00:00.000Z,2019-05-22T00:00:00.000Z,BR15.1,Rev. patol. trop,biblio-996667
0,2019-05-22T00:00:00.000Z,2019-05-22T00:00:00.000Z,AR441.1,Rev. Hosp. Niños B.Aires,biblio-996836
0,2019-05-22T00:00:00.000Z,2019-05-22T00:00:00.000Z,AR441.1,Rev. Hosp. Niños B.Aires,biblio-996839
3,2019-05-21T00:00:00.000Z,2019-05-24T00:00:00.000Z,BR15.1,Rev. patol. trop,biblio-996650
3,2019-05-21T00:00:00.000Z,2019-05-24T00:00:00.000Z,BR15.1,Rev. patol. trop,biblio-996653
3,2019-05-21T00:00:00.000Z,2019-05-24T00:00:00.000Z,BR15.1,Rev. patol. trop,biblio-996657
3,2019-05-21T00:00:00.000Z,2019-05-24T00:00:00.000Z,BR15.1,Rev. patol. trop,biblio-996658
117,2019-01-31T00:00:00.000Z,2019-05-28T00:00:00.000Z,CO146.1,Univ. salud,biblio-986189
117,2019-01-31T00:00:00.000Z,2019-05-28T00:00:00.000Z,CO146.1,Univ. salud,biblio-986190
117,2019-01-31T00:00:00.000Z,2019-05-28T00:00:00.000Z,CO146.1,Univ. salud,biblio-986191
117,2019-01-31T00:00:00.000Z,2019-05-28T00:00:00.000Z,CO146.1,Univ. salud,biblio-986192
117,2019-01-31T00:00:00.000Z,2019-05-28T00:00:00.000Z,CO146.1,Univ. salud,biblio-986193
117,2019-01-31T00:00:00.000Z,2019-05-28T00:00:00.000Z,CO146.1,Univ. salud,biblio-986194
117,2019-01-31T00:00:00.000Z,2019-05-28T00:00:00.000Z,CO146.1,Univ. salud,biblio-986195
117,2019-01-31T00:00:00.000Z,2019-05-28T00:00:00.000Z,CO146.1,Univ. salud,biblio-986196
117,2019-01-31T00:00:00.000Z,2019-05-28T00:00:00.000Z,CO146.1,Univ. salud,biblio-986197
117,2019-01-31T00:00:00.000Z,2019-05-28T00:00:00.000Z,CO146.1,Univ. salud,biblio-986198
117,2019-01-31T00:00:00.000Z,2019-05-28T00:00:00.000Z,CO146.1,Univ. salud,biblio-986199
21,2019-05-07T00:00:00.000Z,2019-05-28T00:00:00.000Z,AR441.1,Rev. Hosp. Niños B.Aires,biblio-995538
0,2019-05-28T00:00:00.000Z,2019-05-28T00:00:00.000Z,AR441.1,Rev. Hosp. Niños B.Aires,biblio-997420
0,2019-05-28T00:00:00.000Z,2019-05-28T00:00:00.000Z,AR441.1,Rev. Hosp. Niños B.Aires,biblio-997427
0,2019-05-28T00:00:00.000Z,2019-05-28T00:00:00.000Z,AR441.1,Rev. Hosp. Niños B.Aires,biblio-997442
88,2019-04-02T00:00:00.000Z,2019-06-29T00:00:00.000Z,CL334.1,Rev. chil. nutr,biblio-1003682
88,2019-04-02T00:00:00.000Z,2019-06-29T00:00:00.000Z,CL334.1,Rev. chil. nutr,biblio-1003683
28,2019-06-04T00:00:00.000Z,2019-07-02T00:00:00.000Z,BR26.1,"SMAD, Rev. eletrônica saúde mental alcool drog",biblio-1004546
29,2019-06-04T00:00:00.000Z,2019-07-03T00:00:00.000Z,BR26.1,"SMAD, Rev. eletrônica saúde mental alcool drog",biblio-1004536
29,2019-06-04T00:00:00.000Z,2019-07-03T00:00:00.000Z,BR26.1,"SMAD, Rev. eletrônica saúde mental alcool drog",biblio-1004537
29,2019-06-04T00:00:00.000Z,2019-07-03T00:00:00.000Z,BR26.1,"SMAD, Rev. eletrônica saúde mental alcool drog",biblio-1004538
29,2019-06-04T00:00:00.000Z,2019-07-03T00:00:00.000Z,BR26.1,"SMAD, Rev. eletrônica saúde mental alcool drog",biblio-1004539
29,2019-06-04T00:00:00.000Z,2019-07-03T00:00:00.000Z,BR26.1,"SMAD, Rev. eletrônica saúde mental alcool drog",biblio-1004540
29,2019-06-04T00:00:00.000Z,2019-07-03T00:00:00.000Z,BR26.1,"SMAD, Rev. eletrônica saúde mental alcool drog",biblio-1004541
29,2019-06-04T00:00:00.000Z,2019-07-03T00:00:00.000Z,BR26.1,"SMAD, Rev. eletrônica saúde mental alcool drog",biblio-1004542
29,2019-06-04T00:00:00.000Z,2019-07-03T00:00:00.000Z,BR26.1,"SMAD, Rev. eletrônica saúde mental alcool drog",biblio-1004543
29,2019-06-04T00:00:00.000Z,2019-07-03T00:00:00.000Z,BR26.1,"SMAD, Rev. eletrônica saúde mental alcool drog",biblio-1004544
29,2019-06-04T00:00:00.000Z,2019-07-03T00:00:00.000Z,BR26.1,"SMAD, Rev. eletrônica saúde mental alcool drog",biblio-1004545
37,2019-06-04T00:00:00.000Z,2019-07-11T00:00:00.000Z,CL126.3,Rev. pediatr. electrón,biblio-998400
37,2019-06-04T00:00:00.000Z,2019-07-11T00:00:00.000Z,CL126.3,Rev. pediatr. electrón,biblio-998405
37,2019-06-04T00:00:00.000Z,2019-07-11T00:00:00.000Z,CL126.3,Rev. pediatr. electrón,biblio-998407
36,2019-06-05T00:00:00.000Z,2019-07-11T00:00:00.000Z,CL126.3,Rev. pediatr. electrón,biblio-998476
36,2019-06-05T00:00:00.000Z,2019-07-11T00:00:00.000Z,CL126.3,Rev. pediatr. electrón,biblio-998480
29,2019-06-12T00:00:00.000Z,2019-07-11T00:00:00.000Z,BR1691.1,Estud. pesqui. psicol. (Impr.),biblio-999091
58,2019-05-15T00:00:00.000Z,2019-07-12T00:00:00.000Z,CU418.1,Medisan,biblio-1002640
58,2019-05-15T00:00:00.000Z,2019-07-12T00:00:00.000Z,CU418.1,Medisan,biblio-1002641
36,2019-06-06T00:00:00.000Z,2019-07-12T00:00:00.000Z,CU424.1,Rev. medica electron,biblio-1004269
36,2019-06-06T00:00:00.000Z,2019-07-12T00:00:00.000Z,CU424.1,Rev. medica electron,biblio-1004272
36,2019-06-06T00:00:00.000Z,2019-07-12T00:00:00.000Z,CU424.1,Rev. medica electron,biblio-1004283
62,2019-05-15T00:00:00.000Z,2019-07-16T00:00:00.000Z,CU418.1,Medisan,biblio-1002631
62,2019-05-15T00:00:00.000Z,2019-07-16T00:00:00.000Z,CU418.1,Medisan,biblio-1002632
62,2019-05-15T00:00:00.000Z,2019-07-16T00:00:00.000Z,CU418.1,Medisan,biblio-1002633
62,2019-05-15T00:00:00.000Z,2019-07-16T00:00:00.000Z,CU418.1,Medisan,biblio-1002634
151,2019-02-14T00:00:00.000Z,2019-07-15T00:00:00.000Z,CO340.1,Rev. crim,biblio-990991
151,2019-02-14T00:00:00.000Z,2019-07-15T00:00:00.000Z,CO340.1,Rev. crim,biblio-990992
151,2019-02-14T00:00:00.000Z,2019-07-15T00:00:00.000Z,CO340.1,Rev. crim,biblio-990993
151,2019-02-14T00:00:00.000Z,2019-07-15T00:00:00.000Z,CO340.1,Rev. crim,biblio-990994
151,2019-02-14T00:00:00.000Z,2019-07-15T00:00:00.000Z,CO340.1,Rev. crim,biblio-990995
151,2019-02-14T00:00:00.000Z,2019-07-15T00:00:00.000Z,CO340.1,Rev. crim,biblio-990996
151,2019-02-14T00:00:00.000Z,2019-07-15T00:00:00.000Z,CO340.1,Rev. crim,biblio-990997
151,2019-02-14T00:00:00.000Z,2019-07-15T00:00:00.000Z,CO340.1,Rev. crim,biblio-990998
151,2019-02-14T00:00:00.000Z,2019-07-15T00:00:00.000Z,CO340.1,Rev. crim,biblio-990999
63,2019-05-13T00:00:00.000Z,2019-07-15T00:00:00.000Z,BR408.1,Rev. bras. anal. clin,biblio-995953
63,2019-05-13T00:00:00.000Z,2019-07-15T00:00:00.000Z,BR408.1,Rev. bras. anal. clin,biblio-995955
33,2019-06-12T00:00:00.000Z,2019-07-15T00:00:00.000Z,BR1691.1,Estud. pesqui. psicol. (Impr.),biblio-999106
32,2019-06-13T00:00:00.000Z,2019-07-15T00:00:00.000Z,BR1691.1,Estud. pesqui. psicol. (Impr.),biblio-999325
32,2019-06-13T00:00:00.000Z,2019-07-15T00:00:00.000Z,BR1691.1,Estud. pesqui. psicol. (Impr.),biblio-999327
32,2019-06-13T00:00:00.000Z,2019-07-15T00:00:00.000Z,BR1691.1,Estud. pesqui. psicol. (Impr.),biblio-999333
32,2019-06-13T00:00:00.000Z,2019-07-15T00:00:00.000Z,BR1691.1,Estud. pesqui. psicol. (Impr.),biblio-999341
32,2019-06-13T00:00:00.000Z,2019-07-15T00:00:00.000Z,BR1691.1,Estud. pesqui. psicol. (Impr.),biblio-999345
32,2019-06-13T00:00:00.000Z,2019-07-15T00:00:00.000Z,BR1691.1,Estud. pesqui. psicol. (Impr.),biblio-999347
33,2019-06-13T00:00:00.000Z,2019-07-16T00:00:00.000Z,BR1691.1,Estud. pesqui. psicol. (Impr.),biblio-999348
33,2019-06-13T00:00:00.000Z,2019-07-16T00:00:00.000Z,BR1691.1,Estud. pesqui. psicol. (Impr.),biblio-999356
33,2019-06-13T00:00:00.000Z,2019-07-16T00:00:00.000Z,BR1691.1,Estud. pesqui. psicol. (Impr.),biblio-999358
33,2019-06-13T00:00:00.000Z,2019-07-16T00:00:00.000Z,BR1691.1,Estud. pesqui. psicol. (Impr.),biblio-999362
29,2019-06-17T00:00:00.000Z,2019-07-16T00:00:00.000Z,BR1691.1,Estud. pesqui. psicol. (Impr.),biblio-999543
29,2019-06-17T00:00:00.000Z,2019-07-16T00:00:00.000Z,BR1691.1,Estud. pesqui. psicol. (Impr.),biblio-999554
29,2019-06-17T00:00:00.000Z,2019-07-16T00:00:00.000Z,BR1691.1,Estud. pesqui. psicol. (Impr.),biblio-999555
29,2019-06-17T00:00:00.000Z,2019-07-16T00:00:00.000Z,BR1691.1,Estud. pesqui. psicol. (Impr.),biblio-999558
29,2019-06-17T00:00:00.000Z,2019-07-16T00:00:00.000Z,BR1691.1,Estud. pesqui. psicol. (Impr.),biblio-999559
62,2019-05-15T00:00:00.000Z,2019-07-16T00:00:00.000Z,CU418.1,Medisan,biblio-1002635
62,2019-05-15T00:00:00.000Z,2019-07-16T00:00:00.000Z,CU418.1,Medisan,biblio-1002636
62,2019-05-15T00:00:00.000Z,2019-07-16T00:00:00.000Z,CU418.1,Medisan,biblio-1002637
61,2019-05-15T00:00:00.000Z,2019-07-15T00:00:00.000Z,CU418.1,Medisan,biblio-1002638
61,2019-05-15T00:00:00.000Z,2019-07-15T00:00:00.000Z,CU418.1,Medisan,biblio-1002639
71,2019-04-16T00:00:00.000Z,2019-06-26T00:00:00.000Z,ES1.1,Cient. dent. (Ed. impr.),ibc-FGT-1310
71,2019-04-16T00:00:00.000Z,2019-06-26T00:00:00.000Z,ES1.1,Cient. dent. (Ed. impr.),ibc-FGT-1312
71,2019-04-16T00:00:00.000Z,2019-06-26T00:00:00.000Z,ES1.1,Cient. dent. (Ed. impr.),ibc-FGT-1315
6,2019-06-13T00:00:00.000Z,2019-06-19T00:00:00.000Z,BR26.7,Autops. Case Rep,biblio-999245
0,2019-06-19T00:00:00.000Z,2019-06-19T00:00:00.000Z,BR26.7,Autops. Case Rep,biblio-999828
65,2019-04-30T00:00:00.000Z,2019-07-04T00:00:00.000Z,BR1691.1,Estud. pesqui. psicol. (Impr.),biblio-994958
65,2019-04-30T00:00:00.000Z,2019-07-04T00:00:00.000Z,BR1691.1,Estud. pesqui. psicol. (Impr.),biblio-994961
65,2019-04-30T00:00:00.000Z,2019-07-04T00:00:00.000Z,BR1691.1,Estud. pesqui. psicol. (Impr.),biblio-994974
65,2019-04-30T00:00:00.000Z,2019-07-04T00:00:00.000Z,BR1691.1,Estud. pesqui. psicol. (Impr.),biblio-994977
65,2019-04-30T00:00:00.000Z,2019-07-04T00:00:00.000Z,BR1691.1,Estud. pesqui. psicol. (Impr.),biblio-994978
65,2019-04-30T00:00:00.000Z,2019-07-04T00:00:00.000Z,BR1691.1,Estud. pesqui. psicol. (Impr.),biblio-994979
66,2019-04-30T00:00:00.000Z,2019-07-05T00:00:00.000Z,BR1691.1,Estud. pesqui. psicol. (Impr.),biblio-994981
66,2019-04-30T00:00:00.000Z,2019-07-05T00:00:00.000Z,BR1691.1,Estud. pesqui. psicol. (Impr.),biblio-994982
66,2019-04-30T00:00:00.000Z,2019-07-05T00:00:00.000Z,BR1691.1,Estud. pesqui. psicol. (Impr.),biblio-994984
66,2019-04-30T00:00:00.000Z,2019-07-05T00:00:00.000Z,BR1691.1,Estud. pesqui. psicol. (Impr.),biblio-994985
66,2019-04-30T00:00:00.000Z,2019-07-05T00:00:00.000Z,BR1691.1,Estud. pesqui. psicol. (Impr.),biblio-994986
64,2019-05-02T00:00:00.000Z,2019-07-05T00:00:00.000Z,BR1691.1,Estud. pesqui. psicol. (Impr.),biblio-995086
67,2019-05-02T00:00:00.000Z,2019-07-08T00:00:00.000Z,BR1691.1,Estud. pesqui. psicol. (Impr.),biblio-995091
67,2019-05-02T00:00:00.000Z,2019-07-08T00:00:00.000Z,BR1691.1,Estud. pesqui. psicol. (Impr.),biblio-995100
68,2019-05-02T00:00:00.000Z,2019-07-09T00:00:00.000Z,BR1691.1,Estud. pesqui. psicol. (Impr.),biblio-995102
68,2019-05-02T00:00:00.000Z,2019-07-09T00:00:00.000Z,BR1691.1,Estud. pesqui. psicol. (Impr.),biblio-995103
68,2019-05-02T00:00:00.000Z,2019-07-09T00:00:00.000Z,BR1691.1,Estud. pesqui. psicol. (Impr.),biblio-995106
67,2019-05-03T00:00:00.000Z,2019-07-09T00:00:00.000Z,BR1691.1,Estud. pesqui. psicol. (Impr.),biblio-995166
68,2019-05-03T00:00:00.000Z,2019-07-10T00:00:00.000Z,BR1691.1,Estud. pesqui. psicol. (Impr.),biblio-995168
68,2019-05-03T00:00:00.000Z,2019-07-10T00:00:00.000Z,BR1691.1,Estud. pesqui. psicol. (Impr.),biblio-995170
68,2019-05-03T00:00:00.000Z,2019-07-10T00:00:00.000Z,BR1691.1,Estud. pesqui. psicol. (Impr.),biblio-995176
68,2019-05-03T00:00:00.000Z,2019-07-10T00:00:00.000Z,BR1691.1,Estud. pesqui. psicol. (Impr.),biblio-995178
0,2019-07-02T00:00:00.000Z,2019-07-02T00:00:00.000Z,BR1208.1,Rev. pesqui. cuid. fundam. (Online),biblio-1005386
0,2019-07-02T00:00:00.000Z,2019-07-02T00:00:00.000Z,BR1208.1,Rev. pesqui. cuid. fundam. (Online),biblio-1005399
0,2019-07-02T00:00:00.000Z,2019-07-02T00:00:00.000Z,BR1208.1,Rev. pesqui. cuid. fundam. (Online),biblio-1005429
0,2019-07-02T00:00:00.000Z,2019-07-02T00:00:00.000Z,BR1208.1,Rev. pesqui. cuid. fundam. (Online),biblio-1005467
0,2019-07-02T00:00:00.000Z,2019-07-02T00:00:00.000Z,BR1208.1,Rev. pesqui. cuid. fundam. (Online),biblio-1005471
0,2019-07-03T00:00:00.000Z,2019-07-03T00:00:00.000Z,BR1208.1,Rev. pesqui. cuid. fundam. (Online),biblio-1005567
0,2019-07-03T00:00:00.000Z,2019-07-03T00:00:00.000Z,BR1208.1,Rev. pesqui. cuid. fundam. (Online),biblio-1005585
0,2019-07-03T00:00:00.000Z,2019-07-03T00:00:00.000Z,BR1208.1,Rev. pesqui. cuid. fundam. (Online),biblio-1005589
0,2019-07-03T00:00:00.000Z,2019-07-03T00:00:00.000Z,BR1208.1,Rev. pesqui. cuid. fundam. (Online),biblio-1005605
0,2019-07-03T00:00:00.000Z,2019-07-03T00:00:00.000Z,BR1208.1,Rev. pesqui. cuid. fundam. (Online),biblio-1005611
2,2019-07-02T00:00:00.000Z,2019-07-04T00:00:00.000Z,BR1208.1,Rev. pesqui. cuid. fundam. (Online),biblio-1005484
2,2019-07-02T00:00:00.000Z,2019-07-04T00:00:00.000Z,BR1208.1,Rev. pesqui. cuid. fundam. (Online),biblio-1005488
1,2019-07-03T00:00:00.000Z,2019-07-04T00:00:00.000Z,BR1208.1,Rev. pesqui. cuid. fundam. (Online),biblio-1005534
1,2019-07-03T00:00:00.000Z,2019-07-04T00:00:00.000Z,BR1208.1,Rev. pesqui. cuid. fundam. (Online),biblio-1005593
1,2019-07-03T00:00:00.000Z,2019-07-04T00:00:00.000Z,BR1208.1,Rev. pesqui. cuid. fundam. (Online),biblio-1005607
1,2019-07-03T00:00:00.000Z,2019-07-04T00:00:00.000Z,BR1208.1,Rev. pesqui. cuid. fundam. (Online),biblio-1005618
1,2019-07-03T00:00:00.000Z,2019-07-04T00:00:00.000Z,BR1208.1,Rev. pesqui. cuid. fundam. (Online),biblio-1005622
0,2019-07-04T00:00:00.000Z,2019-07-04T00:00:00.000Z,BR1208.1,Rev. pesqui. cuid. fundam. (Online),biblio-1005652
0,2019-07-04T00:00:00.000Z,2019-07-04T00:00:00.000Z,PE18.1,Lima; Perú. Ministerio de Salud; 20190700. 14 p. tab.,biblio-1005707
0,2019-07-04T00:00:00.000Z,2019-07-04T00:00:00.000Z,BR1208.1,Rev. pesqui. cuid. fundam. (Online),biblio-1005743
1,2019-07-04T00:00:00.000Z,2019-07-05T00:00:00.000Z,BR1208.1,Rev. pesqui. cuid. fundam. (Online),biblio-1005683
1,2019-07-04T00:00:00.000Z,2019-07-05T00:00:00.000Z,BR1208.1,Rev. pesqui. cuid. fundam. (Online),biblio-1005706
1,2019-07-04T00:00:00.000Z,2019-07-05T00:00:00.000Z,BR1208.1,Rev. pesqui. cuid. fundam. (Online),biblio-1005715
1,2019-07-04T00:00:00.000Z,2019-07-05T00:00:00.000Z,BR1208.1,Rev. pesqui. cuid. fundam. (Online),biblio-1005735
1,2019-07-04T00:00:00.000Z,2019-07-05T00:00:00.000Z,BR1208.1,Rev. pesqui. cuid. fundam. (Online),biblio-1005741
1,2019-07-04T00:00:00.000Z,2019-07-05T00:00:00.000Z,BR1208.1,Rev. pesqui. cuid. fundam. (Online),biblio-1005745
0,2019-07-05T00:00:00.000Z,2019-07-05T00:00:00.000Z,BR1208.1,Rev. pesqui. cuid. fundam. (Online),biblio-1005767
0,2019-07-05T00:00:00.000Z,2019-07-05T00:00:00.000Z,BR1208.1,Rev. pesqui. cuid. fundam. (Online),biblio-1005772
0,2019-07-05T00:00:00.000Z,2019-07-05T00:00:00.000Z,BR1208.1,Rev. pesqui. cuid. fundam. (Online),biblio-1005775
0,2019-07-05T00:00:00.000Z,2019-07-05T00:00:00.000Z,BR1208.1,Rev. pesqui. cuid. fundam. (Online),biblio-1005788
0,2019-07-05T00:00:00.000Z,2019-07-05T00:00:00.000Z,BR1208.1,Rev. pesqui. cuid. fundam. (Online),biblio-1005791
0,2019-07-08T00:00:00.000Z,2019-07-08T00:00:00.000Z,BR1208.1,Rev. pesqui. cuid. fundam. (Online),biblio-1005813
0,2019-07-08T00:00:00.000Z,2019-07-08T00:00:00.000Z,BR1208.1,Rev. pesqui. cuid. fundam. (Online),biblio-1005814
0,2019-07-08T00:00:00.000Z,2019-07-08T00:00:00.000Z,BR1208.1,Rev. pesqui. cuid. fundam. (Online),biblio-1005817
0,2019-07-08T00:00:00.000Z,2019-07-08T00:00:00.000Z,BR1208.1,Rev. pesqui. cuid. fundam. (Online),biblio-1005819
0,2019-07-08T00:00:00.000Z,2019-07-08T00:00:00.000Z,BR1208.1,Rev. pesqui. cuid. fundam. (Online),biblio-1005821
0,2019-07-08T00:00:00.000Z,2019-07-08T00:00:00.000Z,BR1208.1,Rev. pesqui. cuid. fundam. (Online),biblio-1005822
0,2019-07-09T00:00:00.000Z,2019-07-09T00:00:00.000Z,BR1208.1,Rev. pesqui. cuid. fundam. (Online),biblio-1005842
0,2019-07-09T00:00:00.000Z,2019-07-09T00:00:00.000Z,BR1208.1,Rev. pesqui. cuid. fundam. (Online),biblio-1005843
0,2019-07-09T00:00:00.000Z,2019-07-09T00:00:00.000Z,BR1208.1,Rev. pesqui. cuid. fundam. (Online),biblio-1005844
0,2019-07-09T00:00:00.000Z,2019-07-09T00:00:00.000Z,PE18.1,"Lima; Perú. Ministerio de Salud; 20190700. 23 p. tab, graf.",biblio-1005858
0,2019-07-10T00:00:00.000Z,2019-07-10T00:00:00.000Z,PE18.1,"Lima; Perú. Ministerio de Salud; 20190700. 41 p. ilus, graf.",biblio-1005990
0,2019-07-10T00:00:00.000Z,2019-07-10T00:00:00.000Z,PE18.1,"Lima; Perú. Ministerio de Salud; 20190700. 89 p. ilus, graf, tab.",biblio-1005995
12,2019-07-03T00:00:00.000Z,2019-07-15T00:00:00.000Z,BR526.1,RECIIS (Online),biblio-1005517
12,2019-07-03T00:00:00.000Z,2019-07-15T00:00:00.000Z,BR526.1,RECIIS (Online),biblio-1005595
12,2019-07-03T00:00:00.000Z,2019-07-15T00:00:00.000Z,BR526.1,RECIIS (Online),biblio-1005591
12,2019-07-03T00:00:00.000Z,2019-07-15T00:00:00.000Z,BR526.1,RECIIS (Online),biblio-1005594
12,2019-07-03T00:00:00.000Z,2019-07-15T00:00:00.000Z,BR526.1,RECIIS (Online),biblio-1005599
12,2019-07-03T00:00:00.000Z,2019-07-15T00:00:00.000Z,BR526.1,RECIIS (Online),biblio-1005600
12,2019-07-03T00:00:00.000Z,2019-07-15T00:00:00.000Z,BR526.1,RECIIS (Online),biblio-1005603
12,2019-07-03T00:00:00.000Z,2019-07-15T00:00:00.000Z,BR526.1,RECIIS (Online),biblio-1005604
12,2019-07-03T00:00:00.000Z,2019-07-15T00:00:00.000Z,BR526.1,RECIIS (Online),biblio-1005606
12,2019-07-03T00:00:00.000Z,2019-07-15T00:00:00.000Z,BR526.1,RECIIS (Online),biblio-1005610
12,2019-07-03T00:00:00.000Z,2019-07-15T00:00:00.000Z,BR526.1,RECIIS (Online),biblio-1005614
12,2019-07-03T00:00:00.000Z,2019-07-15T00:00:00.000Z,BR526.1,RECIIS (Online),biblio-1005619
11,2019-07-04T00:00:00.000Z,2019-07-15T00:00:00.000Z,BR526.1,RECIIS (Online),biblio-1005635
11,2019-07-04T00:00:00.000Z,2019-07-15T00:00:00.000Z,BR526.1,RECIIS (Online),biblio-1005642
11,2019-07-04T00:00:00.000Z,2019-07-15T00:00:00.000Z,BR526.1,RECIIS (Online),biblio-1005647
11,2019-07-04T00:00:00.000Z,2019-07-15T00:00:00.000Z,BR526.1,RECIIS (Online),biblio-1005723
11,2019-07-04T00:00:00.000Z,2019-07-15T00:00:00.000Z,BR526.1,RECIIS (Online),biblio-1005728
0,2018-12-26T00:00:00.000Z,2018-12-26T00:00:00.000Z,AR393.1,Rev. Asoc. Med. Bahía Blanca,biblio-968195
0,2018-12-26T00:00:00.000Z,2018-12-26T00:00:00.000Z,AR393.1,Rev. Asoc. Med. Bahía Blanca,biblio-968196
0,2018-12-27T00:00:00.000Z,2018-12-27T00:00:00.000Z,AR393.1,Rev. Asoc. Med. Bahía Blanca,biblio-968286
1,2018-12-27T00:00:00.000Z,2018-12-28T00:00:00.000Z,AR393.1,Rev. Asoc. Med. Bahía Blanca,biblio-968287
4868,2006-02-06T00:00:00.000Z,2019-06-06T00:00:00.000Z,BR526.1,CONASS informa,lil-424820
4872,2006-02-02T00:00:00.000Z,2019-06-06T00:00:00.000Z,BR1.1,CONASS informa,lil-424826
76,2019-03-26T00:00:00.000Z,2019-06-10T00:00:00.000Z,CO320.1,Acta colomb. psicol,biblio-989073
77,2019-03-26T00:00:00.000Z,2019-06-11T00:00:00.000Z,CO320.1,Acta colomb. psicol,biblio-989074
77,2019-03-26T00:00:00.000Z,2019-06-11T00:00:00.000Z,CO320.1,Acta colomb. psicol,biblio-989075
77,2019-03-26T00:00:00.000Z,2019-06-11T00:00:00.000Z,CO320.1,Acta colomb. psicol,biblio-989076
77,2019-03-26T00:00:00.000Z,2019-06-11T00:00:00.000Z,CO320.1,Acta colomb. psicol,biblio-989077
77,2019-03-26T00:00:00.000Z,2019-06-11T00:00:00.000Z,CO320.1,Acta colomb. psicol,biblio-989078
77,2019-03-26T00:00:00.000Z,2019-06-11T00:00:00.000Z,CO320.1,Acta colomb. psicol,biblio-989079
77,2019-03-26T00:00:00.000Z,2019-06-11T00:00:00.000Z,CO320.1,Acta colomb. psicol,biblio-989080
77,2019-03-26T00:00:00.000Z,2019-06-11T00:00:00.000Z,CO320.1,Acta colomb. psicol,biblio-989081
77,2019-03-26T00:00:00.000Z,2019-06-11T00:00:00.000Z,CO320.1,Acta colomb. psicol,biblio-989082
77,2019-03-26T00:00:00.000Z,2019-06-11T00:00:00.000Z,CO320.1,Acta colomb. psicol,biblio-989083
77,2019-03-26T00:00:00.000Z,2019-06-11T00:00:00.000Z,CO320.1,Acta colomb. psicol,biblio-989084
0,2019-06-28T00:00:00.000Z,2019-06-28T00:00:00.000Z,PE18.1,"Lima; Perú. Ministerio de Salud; 20190600. 24 p. graf, ilus.",biblio-1005172
0,2019-06-28T00:00:00.000Z,2019-06-28T00:00:00.000Z,PE18.1,"Lima; Perú. Ministerio de Salud; 20190600. 37 p. tab, ilus.",biblio-1005180
0,2019-06-28T00:00:00.000Z,2019-06-28T00:00:00.000Z,PE18.1,"Lima; Perú. Ministerio de Salud; 20190600. 79 p. graf, ilus.",biblio-1005189
0,2019-07-04T00:00:00.000Z,2019-07-04T00:00:00.000Z,PE18.1,"Lima; Perú. Ministerio de Salud; 20190600. 42 p. tab, graf.",biblio-1005684
9,2019-07-02T00:00:00.000Z,2019-07-11T00:00:00.000Z,PE391.9,Rev. cient. odontol,biblio-1005490
9,2019-07-02T00:00:00.000Z,2019-07-11T00:00:00.000Z,PE391.9,Rev. cient. odontol,biblio-1005495
9,2019-07-02T00:00:00.000Z,2019-07-11T00:00:00.000Z,PE391.9,Rev. cient. odontol,biblio-1005497
8,2019-07-03T00:00:00.000Z,2019-07-11T00:00:00.000Z,PE391.9,Rev. cient. odontol,biblio-1005620
5,2019-07-06T00:00:00.000Z,2019-07-11T00:00:00.000Z,PE391.9,Rev. cient. odontol,biblio-1005802
37,2019-06-05T00:00:00.000Z,2019-07-12T00:00:00.000Z,AR337.1,Rev. Asoc. Argent. Ortop. Traumatol,biblio-1003014
37,2019-06-05T00:00:00.000Z,2019-07-12T00:00:00.000Z,AR337.1,Rev. Asoc. Argent. Ortop. Traumatol,biblio-1003015
37,2019-06-05T00:00:00.000Z,2019-07-12T00:00:00.000Z,AR337.1,Rev. Asoc. Argent. Ortop. Traumatol,biblio-1003016
37,2019-06-05T00:00:00.000Z,2019-07-12T00:00:00.000Z,AR337.1,Rev. Asoc. Argent. Ortop. Traumatol,biblio-1003017
37,2019-06-05T00:00:00.000Z,2019-07-12T00:00:00.000Z,AR337.1,Rev. Asoc. Argent. Ortop. Traumatol,biblio-1003018
37,2019-06-05T00:00:00.000Z,2019-07-12T00:00:00.000Z,AR337.1,Rev. Asoc. Argent. Ortop. Traumatol,biblio-1003019
37,2019-06-05T00:00:00.000Z,2019-07-12T00:00:00.000Z,AR337.1,Rev. Asoc. Argent. Ortop. Traumatol,biblio-1003020
37,2019-06-05T00:00:00.000Z,2019-07-12T00:00:00.000Z,AR337.1,Rev. Asoc. Argent. Ortop. Traumatol,biblio-1003021
37,2019-06-05T00:00:00.000Z,2019-07-12T00:00:00.000Z,AR337.1,Rev. Asoc. Argent. Ortop. Traumatol,biblio-1003022
37,2019-06-05T00:00:00.000Z,2019-07-12T00:00:00.000Z,AR337.1,Rev. Asoc. Argent. Ortop. Traumatol,biblio-1003023
37,2019-06-05T00:00:00.000Z,2019-07-12T00:00:00.000Z,AR337.1,Rev. Asoc. Argent. Ortop. Traumatol,biblio-1003024
37,2019-06-05T00:00:00.000Z,2019-07-12T00:00:00.000Z,AR337.1,Rev. Asoc. Argent. Ortop. Traumatol,biblio-1003025
37,2019-06-05T00:00:00.000Z,2019-07-12T00:00:00.000Z,AR337.1,Rev. Asoc. Argent. Ortop. Traumatol,biblio-1003026
3,2019-07-09T00:00:00.000Z,2019-07-12T00:00:00.000Z,PE391.9,Rev. cient. odontol,biblio-1005864
3,2019-07-09T00:00:00.000Z,2019-07-12T00:00:00.000Z,PE391.9,Rev. cient. odontol,biblio-1005866
3,2019-07-09T00:00:00.000Z,2019-07-12T00:00:00.000Z,PE391.9,Rev. cient. odontol,biblio-1005874
3,2019-07-09T00:00:00.000Z,2019-07-12T00:00:00.000Z,PE391.9,Rev. cient. odontol,biblio-1005875
2,2019-07-10T00:00:00.000Z,2019-07-12T00:00:00.000Z,PE391.9,Rev. cient. odontol,biblio-1005970
2,2019-07-10T00:00:00.000Z,2019-07-12T00:00:00.000Z,PE391.9,Rev. cient. odontol,biblio-1005981
1,2019-07-11T00:00:00.000Z,2019-07-12T00:00:00.000Z,PE391.9,Rev. cient. odontol,biblio-1006014
1,2019-07-11T00:00:00.000Z,2019-07-12T00:00:00.000Z,PE391.9,Rev. cient. odontol,biblio-1006093
1,2019-07-11T00:00:00.000Z,2019-07-12T00:00:00.000Z,PE391.9,Rev. cient. odontol,biblio-1006099
1,2019-07-11T00:00:00.000Z,2019-07-12T00:00:00.000Z,PE391.9,Rev. cient. odontol,biblio-1006104
0,2019-07-12T00:00:00.000Z,2019-07-12T00:00:00.000Z,AR337.1,Rev. Asoc. Argent. Ortop. Traumatol,biblio-1006192
0,2019-07-12T00:00:00.000Z,2019-07-12T00:00:00.000Z,AR337.1,Rev. Asoc. Argent. Ortop. Traumatol,biblio-1006194
